ISO,Country,Data source,Sector,Gas,Unit,2020,2019,2018,2017,2016,2015,2014,2013,2012,2011,2010,2009,2008,2007,2006,2005,2004,2003,2002,2001,2000,1999,1998,1997,1996,1995,1994,1993,1992,1991,1990
WORLD,World,Climate Watch,Total including LUCF,CO2,MtCO₂e,34739.12,36948.97,36855.48,35836.11,35327.54,34657.09,34824.6,34418.74,33776.66,33386.21,33478.09,31910.11,32001.8,31798.65,31114.92,29884.64,29050.2,27579.09,26706.93,25988.6,25901.81,25204.1,25135.56,25528.62,24415.14,24075.08,23447.16,23302.43,23160.21,23210.66,23054.21
CHN,China,Climate Watch,Total including LUCF,CO2,MtCO₂e,10296.84,10114.97,9919.35,9441.36,9213.01,9151.3,9313.07,9271.15,8832.57,8574.58,8144.89,7389.04,6869.56,6663.14,6107.42,5494.58,4783.16,4094.34,3466.08,3199.01,2999.34,2806.46,2889.06,2786.88,2723.27,2741.38,2420.38,2298.13,2070.89,1954.9,1826.08
USA,United States,Climate Watch,Total including LUCF,CO2,MtCO₂e,4099.07,4596.26,4753.71,4597.65,4672.82,4581.54,4698.08,4683.03,4547.1,4764.69,5000.25,4764.57,5166.56,5344.56,5261.38,5361.85,5346.69,5267.44,5201.47,5356.69,5367.14,5200.25,5181.68,5134.42,4864.59,4708.19,4657.73,4586.28,4470.85,4398.72,4435.74
EUU,European Union (27),Climate Watch,Total including LUCF,CO2,MtCO₂e,2303.66,2568.23,2706.16,2769.48,2744.54,2393.75,2336.4,2480.85,2557.6,2617.75,2972.81,2887.74,3134.72,3213.02,3254.52,3245.83,3262.63,3258.19,3168.6,3176.93,3158.96,3149.18,3206.44,3215.04,3284.05,3184.63,3133.22,3144.0,3207.51,3323.82,3361.16
IND,India,Climate Watch,Total including LUCF,CO2,MtCO₂e,2165.2,2388.32,2422.58,2273.21,2159.66,2091.86,2080.94,1906.27,1843.28,1690.59,1663.64,1568.54,1428.03,1340.39,1218.86,1140.12,1089.33,1015.44,989.13,957.22,715.45,678.94,613.9,596.9,551.7,515.48,463.51,428.96,403.9,384.84,341.19
RUS,Russia,Climate Watch,Total including LUCF,CO2,MtCO₂e,1083.43,1168.51,1125.52,1058.47,1035.34,927.79,947.16,967.97,1011.08,1034.09,871.34,800.01,908.67,911.77,908.62,865.91,854.98,863.93,819.34,821.19,1212.27,1171.91,1135.66,1137.09,1248.77,1283.13,1332.72,1527.92,1678.5,1783.92,1811.01
IDN,Indonesia,Climate Watch,Total including LUCF,CO2,MtCO₂e,1053.73,1393.77,1180.95,990.63,984.37,1501.22,1462.03,1173.35,1228.39,1211.24,703.62,965.53,663.29,672.24,1088.24,763.98,966.65,697.87,938.99,569.7,734.27,788.24,848.08,1427.05,713.82,835.67,809.71,795.64,781.98,772.88,758.9
JPN,Japan,Climate Watch,Total including LUCF,CO2,MtCO₂e,982.26,1041.85,1079.33,1119.05,1133.09,1128.88,1167.88,1218.03,1205.03,1164.56,1059.4,1004.64,1061.21,1130.45,1095.66,1118.15,1110.04,1116.68,1109.52,1075.12,1108.9,1093.44,1054.75,1097.08,1109.14,1095.51,1085.25,1032.13,1039.63,1028.55,1015.1
BRA,Brazil,Climate Watch,Total including LUCF,CO2,MtCO₂e,798.61,818.79,818.32,840.16,831.54,747.49,773.77,748.99,716.38,680.44,1499.21,1451.28,1474.91,1453.84,1436.91,1432.97,1429.8,1412.02,1418.97,1420.58,1352.32,1339.61,1329.23,1319.96,1301.04,1279.91,1261.12,1253.88,1246.46,1244.07,1236.5
IRN,Iran,Climate Watch,Total including LUCF,CO2,MtCO₂e,616.62,625.31,637.49,626.48,607.27,599.18,605.36,583.7,559.12,552.05,496.9,498.03,478.78,469.87,439.91,406.53,373.39,345.51,325.61,309.8,320.04,302.95,270.58,271.98,259.4,251.1,246.28,216.31,213.24,198.69,178.06
COD,Democratic Republic of the Congo,Climate Watch,Total including LUCF,CO2,MtCO₂e,604.27,604.28,604.07,604.1,603.68,604.49,606.39,605.21,604.08,604.27,370.23,370.08,370.13,370.05,369.86,369.79,369.52,369.58,369.23,369.15,369.22,369.69,369.87,369.86,369.87,369.7,369.8,369.49,369.07,369.33,370.77
DEU,Germany,Climate Watch,Total including LUCF,CO2,MtCO₂e,591.78,647.12,696.28,720.71,735.67,731.02,724.72,764.89,748.87,735.22,772.68,734.41,789.31,783.43,814.04,802.01,820.69,836.56,833.3,847.71,797.32,800.7,832.45,839.84,871.55,841.93,843.13,854.3,860.06,899.8,922.56
CAN,Canada,Climate Watch,Total including LUCF,CO2,MtCO₂e,570.49,619.55,632.98,621.29,609.94,711.86,714.86,708.83,699.36,702.41,856.2,840.48,869.63,890.77,859.79,868.39,855.86,863.93,843.72,825.91,597.71,577.51,567.7,559.47,544.27,530.55,518.8,504.09,508.41,495.34,501.53
KOR,South Korea,Climate Watch,Total including LUCF,CO2,MtCO₂e,523.88,566.33,584.39,580.38,569.64,557.37,537.63,549.14,549.86,548.02,515.1,466.52,454.8,443.57,427.73,420.88,425.79,403.79,400.88,396.55,404.8,359.44,324.13,389.2,367.55,342.97,311.84,285.17,254.61,232.36,205.24
SAU,Saudi Arabia,Climate Watch,Total including LUCF,CO2,MtCO₂e,513.56,526.77,527.57,549.75,561.23,565.19,540.52,503.21,492.47,463.76,446.13,406.53,389.71,354.62,335.43,315.29,299.89,284.83,272.25,254.08,249.65,239.52,233.9,220.07,217.65,204.83,206.36,203.25,202.03,187.92,171.4
ZAF,South Africa,Climate Watch,Total including LUCF,CO2,MtCO₂e,399.91,453.3,446.32,441.89,432.36,431.47,454.71,443.67,433.41,415.89,432.07,410.87,433.63,403.68,386.25,384.16,386.45,359.54,337.75,326.85,290.9,284.7,302.6,294.97,280.42,270.63,258.46,252.82,245.15,248.66,253.99
MEX,Mexico,Climate Watch,Total including LUCF,CO2,MtCO₂e,397.58,466.28,459.35,488.95,490.84,485.48,476.09,489.59,500.3,492.25,396.14,381.64,392.82,390.39,381.57,365.46,347.37,337.96,319.27,312.1,401.49,377.49,387.45,364.79,345.01,329.15,348.82,322.98,313.99,310.31,291.89
AUS,Australia,Climate Watch,Total including LUCF,CO2,MtCO₂e,381.53,397.73,398.59,399.68,397.33,356.68,350.16,359.32,366.59,365.34,425.71,423.57,417.28,414.08,403.82,398.52,395.86,382.62,383.05,375.35,390.19,384.44,378.29,358.52,350.91,340.86,330.77,323.7,319.05,315.39,314.12
TUR,Türkiye,Climate Watch,Total including LUCF,CO2,MtCO₂e,378.76,370.12,385.46,389.45,347.75,293.74,282.0,259.42,270.13,258.97,254.85,245.34,244.24,246.01,218.12,192.04,181.64,176.2,165.14,154.81,199.45,175.71,176.74,176.48,168.39,151.21,136.88,138.64,132.85,126.85,122.25
VNM,Vietnam,Climate Watch,Total including LUCF,CO2,MtCO₂e,342.18,328.22,272.61,216.35,208.76,177.7,157.43,142.25,131.72,132.2,168.52,149.17,134.45,122.05,111.74,109.68,102.27,87.79,85.69,73.59,-22.4,-27.13,-28.03,-32.83,-38.57,-42.15,-46.89,-49.33,-52.76,-53.78,-54.25
GBR,United Kingdom,Climate Watch,Total including LUCF,CO2,MtCO₂e,321.45,358.75,373.36,379.67,394.98,415.55,430.08,468.27,482.31,460.13,495.49,479.33,528.17,543.35,554.92,553.78,555.94,555.95,543.73,558.25,542.32,534.25,537.54,535.73,557.33,538.74,547.13,553.33,569.84,582.63,573.72
MYS,Malaysia,Climate Watch,Total including LUCF,CO2,MtCO₂e,310.29,314.77,309.21,288.24,301.24,116.52,128.23,101.65,82.99,81.96,306.24,294.0,300.95,290.41,269.2,271.38,259.89,239.23,231.76,219.33,227.77,217.36,228.9,210.22,201.53,192.24,185.99,179.3,173.44,171.36,160.88
THA,Thailand,Climate Watch,Total including LUCF,CO2,MtCO₂e,278.25,287.24,277.22,279.87,280.67,268.8,261.78,264.63,256.23,238.91,207.3,191.04,200.08,198.09,190.87,188.26,181.07,161.81,157.05,144.91,180.28,180.44,171.92,192.91,187.01,167.86,149.37,135.01,118.56,108.04,99.65
ITA,Italy,Climate Watch,Total including LUCF,CO2,MtCO₂e,268.37,304.3,311.98,316.28,320.44,303.11,292.74,311.7,341.99,361.93,370.47,362.25,410.18,424.57,431.85,439.03,437.6,427.4,408.67,401.77,401.68,398.4,391.76,380.91,377.54,381.8,357.67,362.32,367.67,369.47,370.65
POL,Poland,Climate Watch,Total including LUCF,CO2,MtCO₂e,261.76,277.48,294.35,295.36,282.42,277.51,274.16,286.77,291.82,299.07,257.67,241.2,252.29,257.36,258.08,245.34,245.85,241.86,231.55,237.94,298.05,311.28,320.81,347.05,357.79,342.64,342.45,346.72,346.08,354.33,352.92
EGY,Egypt,Climate Watch,Total including LUCF,CO2,MtCO₂e,210.94,218.09,238.17,244.72,235.61,227.2,220.04,214.77,215.92,206.68,200.14,197.49,189.76,183.22,170.57,162.05,144.33,132.85,129.27,126.53,114.21,116.13,110.57,105.65,98.53,93.31,87.49,92.25,90.49,88.96,87.34
KAZ,Kazakhstan,Climate Watch,Total including LUCF,CO2,MtCO₂e,208.91,201.61,213.91,211.91,199.49,181.2,199.4,250.15,234.74,235.59,228.19,212.1,240.52,196.88,183.79,167.7,156.52,144.63,129.55,115.93,119.33,121.83,135.02,131.42,152.57,174.41,198.35,218.42,253.02,245.54,236.43
FRA,France,Climate Watch,Total including LUCF,CO2,MtCO₂e,205.71,239.11,245.52,256.29,252.41,250.63,245.47,277.91,277.77,274.49,282.01,277.95,292.28,297.13,305.82,314.9,312.03,310.99,305.36,311.1,348.85,350.63,356.84,334.81,343.64,327.96,320.15,325.2,344.34,356.38,331.98
PAK,Pakistan,Climate Watch,Total including LUCF,CO2,MtCO₂e,191.11,191.09,193.86,205.73,188.11,169.61,159.69,151.45,149.27,147.14,147.44,152.4,147.8,152.88,139.37,128.67,125.38,112.73,109.39,106.9,106.42,106.82,98.24,97.41,93.87,90.78,84.3,81.8,75.02,68.35,67.07
ESP,Spain,Climate Watch,Total including LUCF,CO2,MtCO₂e,188.8,227.98,244.45,250.81,234.34,249.35,234.08,235.9,262.38,267.58,254.97,268.96,305.1,335.51,322.61,331.34,316.4,299.49,293.58,275.58,250.65,235.63,213.5,205.87,187.38,197.83,185.72,175.35,189.64,179.37,172.22
ARE,United Arab Emirates,Climate Watch,Total including LUCF,CO2,MtCO₂e,188.09,185.65,174.22,191.94,200.4,195.41,186.64,184.96,175.69,166.63,162.79,157.02,156.04,131.83,121.56,116.45,110.01,103.82,99.15,97.2,84.73,85.68,83.45,81.44,78.53,75.17,70.78,63.62,59.7,61.56,55.21
ARG,Argentina,Climate Watch,Total including LUCF,CO2,MtCO₂e,186.5,200.14,208.88,211.24,215.13,253.37,247.42,251.08,245.78,244.47,264.31,253.64,264.31,259.88,251.98,243.06,238.45,224.73,214.53,222.29,178.84,181.07,179.23,172.67,169.1,159.45,158.46,156.81,154.47,152.46,146.86
IRQ,Iraq,Climate Watch,Total including LUCF,CO2,MtCO₂e,164.01,181.18,168.65,156.95,143.78,133.25,134.13,139.19,129.09,113.12,108.5,94.15,88.08,76.6,82.91,85.08,88.06,81.23,91.11,97.5,87.49,72.58,91.65,118.77,98.74,99.93,101.98,89.42,67.2,45.41,64.07
UKR,Ukraine,Climate Watch,Total including LUCF,CO2,MtCO₂e,162.45,171.39,182.45,171.77,198.52,185.83,232.49,265.02,271.86,278.09,253.35,236.05,285.69,296.74,288.64,280.09,291.86,315.15,288.97,285.67,258.0,266.41,270.14,289.07,306.96,360.19,376.52,460.17,535.51,612.78,649.47
COL,Colombia,Climate Watch,Total including LUCF,CO2,MtCO₂e,161.93,162.06,162.18,158.5,166.35,137.39,136.46,134.09,126.58,126.13,144.55,143.06,140.69,140.08,138.56,138.55,136.98,137.05,137.68,139.89,151.48,148.37,157.51,157.26,151.68,152.47,149.9,149.05,145.59,143.49,141.75
DZA,Algeria,Climate Watch,Total including LUCF,CO2,MtCO₂e,161.76,170.78,164.73,157.9,154.85,155.65,147.11,138.4,134.31,120.16,111.77,109.77,105.34,100.34,97.4,91.78,87.09,85.78,80.0,76.24,80.62,78.08,75.22,75.01,76.7,77.01,74.18,72.79,67.42,67.0,63.51
NGA,Nigeria,Climate Watch,Total including LUCF,CO2,MtCO₂e,157.97,165.54,159.62,154.47,156.81,153.74,160.81,154.11,141.33,140.99,136.05,122.94,132.92,127.12,134.76,144.71,144.72,146.99,138.23,147.94,143.21,133.01,134.69,144.64,146.22,132.16,124.32,132.23,137.8,127.92,118.76
NLD,Netherlands,Climate Watch,Total including LUCF,CO2,MtCO₂e,136.95,152.57,158.04,162.37,165.16,164.03,156.45,163.75,164.14,165.43,177.52,166.9,171.63,170.96,170.11,174.34,178.53,176.81,173.94,173.72,168.96,168.31,173.61,173.19,180.52,171.01,166.5,167.04,162.93,164.18,158.44
PER,Peru,Climate Watch,Total including LUCF,CO2,MtCO₂e,136.33,146.72,144.34,144.02,146.61,143.38,141.99,138.58,136.95,137.25,109.84,106.01,103.13,98.65,95.68,96.14,96.09,91.94,92.51,91.32,88.36,88.8,86.7,87.69,87.79,85.38,82.26,81.52,80.75,79.98,80.59
PHL,Philippines,Climate Watch,Total including LUCF,CO2,MtCO₂e,135.93,148.33,141.58,135.92,123.36,113.42,104.25,97.93,88.59,84.97,84.3,78.71,77.42,75.63,71.69,78.57,77.1,75.53,73.64,72.64,74.35,74.03,76.27,76.85,69.3,63.82,53.67,49.98,46.21,42.85,43.27
MMR,Myanmar,Climate Watch,Total including LUCF,CO2,MtCO₂e,135.82,133.56,133.98,131.36,122.53,125.04,121.39,118.32,115.31,111.67,130.76,128.6,127.65,131.83,131.81,130.79,132.91,131.12,127.9,128.47,147.35,146.64,145.81,144.47,144.9,145.84,144.54,143.71,143.17,142.91,142.98
VEN,Venezuela,Climate Watch,Total including LUCF,CO2,MtCO₂e,114.99,149.94,172.57,182.09,192.66,271.03,287.14,288.16,288.83,267.74,250.64,239.1,237.63,228.91,234.06,233.9,226.14,222.27,227.28,222.34,276.01,269.95,273.71,272.01,266.25,258.45,250.95,251.81,247.53,245.42,246.06
UZB,Uzbekistan,Climate Watch,Total including LUCF,CO2,MtCO₂e,112.21,114.32,109.36,106.34,101.97,96.23,101.75,108.73,110.02,125.51,114.64,104.93,117.28,110.98,115.75,107.58,113.23,110.3,118.28,114.09,123.01,115.69,115.47,99.94,98.81,97.36,108.08,113.8,112.28,117.79,116.97
BGD,Bangladesh,Climate Watch,Total including LUCF,CO2,MtCO₂e,103.03,110.19,113.43,105.14,98.61,90.77,83.93,80.64,76.7,72.03,68.66,62.9,59.73,56.14,54.01,50.81,48.62,46.81,45.48,43.87,38.46,37.98,37.25,37.06,34.92,34.65,31.61,30.64,29.89,28.9,29.59
ZWE,Zimbabwe,Climate Watch,Total including LUCF,CO2,MtCO₂e,95.48,97.35,98.23,96.94,97.61,23.31,23.33,23.54,23.27,22.68,20.46,18.51,18.65,20.69,20.73,21.4,20.61,21.04,23.23,24.49,23.98,26.22,24.47,24.23,25.26,25.89,26.36,27.48,28.87,28.7,26.94
KWT,Kuwait,Climate Watch,Total including LUCF,CO2,MtCO₂e,92.31,93.86,92.65,90.38,91.37,89.01,85.57,87.35,85.31,83.28,80.7,77.63,75.82,70.58,72.42,69.89,61.89,58.1,55.57,53.17,49.82,45.72,42.11,37.29,35.61,36.23,36.65,30.72,23.03,7.8,29.11
QAT,Qatar,Climate Watch,Total including LUCF,CO2,MtCO₂e,87.58,89.49,87.1,87.47,87.07,85.21,82.17,76.54,75.43,68.52,60.91,54.31,53.28,50.03,43.94,38.54,37.07,34.74,32.5,28.65,28.67,29.0,26.5,25.39,20.94,19.05,18.49,16.61,14.68,14.99,12.54
BOL,Bolivia,Climate Watch,Total including LUCF,CO2,MtCO₂e,85.76,89.21,89.26,89.01,88.71,79.78,79.26,77.9,76.74,75.77,71.6,70.46,69.63,68.8,67.61,66.78,66.28,65.77,65.23,64.71,84.42,84.6,85.04,85.5,84.65,84.95,85.88,86.57,87.49,87.18,86.72
BEL,Belgium,Climate Watch,Total including LUCF,CO2,MtCO₂e,85.57,93.19,93.72,92.79,94.37,92.78,88.04,94.23,92.95,94.17,103.9,96.93,103.74,100.93,105.11,107.99,110.38,112.53,107.88,115.38,113.31,111.63,115.53,112.75,115.57,110.69,111.02,106.23,108.45,110.08,105.44
CZE,Czech Republic,Climate Watch,Total including LUCF,CO2,MtCO₂e,83.16,92.04,97.06,97.88,97.33,97.68,96.47,99.42,103.83,107.73,107.36,106.44,111.91,117.63,115.75,115.09,116.98,116.57,113.41,117.55,115.43,103.07,110.48,116.72,119.19,115.23,115.91,121.69,127.55,130.47,143.86
TZA,Tanzania,Climate Watch,Total including LUCF,CO2,MtCO₂e,78.12,78.64,75.7,75.35,74.35,62.29,61.64,62.23,61.13,59.57,58.46,57.48,57.63,57.48,57.58,57.26,56.68,55.39,55.19,54.76,54.59,54.18,54.33,54.51,54.69,54.35,53.52,53.52,53.47,53.47,53.5
OMN,Oman,Climate Watch,Total including LUCF,CO2,MtCO₂e,71.06,75.76,75.38,71.65,72.22,70.13,66.39,63.02,60.55,53.62,47.08,43.6,41.31,42.26,39.19,31.01,31.26,31.7,29.97,28.03,25.12,21.98,19.52,20.02,19.38,18.87,16.2,15.18,14.92,15.72,11.92
MAR,Morocco,Climate Watch,Total including LUCF,CO2,MtCO₂e,64.78,69.05,62.35,61.08,58.35,58.92,57.25,56.16,56.64,54.48,47.23,44.24,44.11,41.82,40.47,39.06,36.49,32.73,32.95,31.75,27.98,27.3,25.74,25.01,23.59,23.9,22.82,20.68,19.98,18.22,16.6
TKM,Turkmenistan,Climate Watch,Total including LUCF,CO2,MtCO₂e,63.66,63.23,63.32,63.87,64.08,63.78,62.19,63.79,66.76,65.08,59.01,52.22,59.11,58.32,51.75,50.43,49.2,46.18,41.24,38.96,38.51,37.69,31.84,30.5,30.61,33.99,33.55,26.97,28.1,37.79,44.65
ECU,Ecuador,Climate Watch,Total including LUCF,CO2,MtCO₂e,60.55,65.75,66.4,64.67,65.92,58.41,58.82,56.72,54.1,54.12,65.79,63.04,60.23,59.18,58.67,56.76,54.72,53.13,52.65,52.73,58.61,58.17,61.02,61.51,60.55,57.47,55.36,53.51,53.4,52.29,51.98
MOZ,Mozambique,Climate Watch,Total including LUCF,CO2,MtCO₂e,59.77,60.36,59.7,59.99,60.07,51.06,50.4,49.73,49.22,48.87,51.61,51.42,51.17,51.16,50.79,50.64,50.84,50.83,50.5,50.34,49.78,49.59,49.6,49.64,49.52,49.53,49.45,49.65,49.45,49.29,49.47
ISR,Israel,Climate Watch,Total including LUCF,CO2,MtCO₂e,58.55,62.88,61.51,65.99,65.31,66.27,64.67,66.96,76.02,69.78,70.51,65.72,66.7,66.59,64.32,61.01,63.15,62.92,61.07,57.95,56.97,52.96,51.48,50.94,48.71,46.75,43.34,40.48,36.83,34.5,33.78
PRK,North Korea,Climate Watch,Total including LUCF,CO2,MtCO₂e,55.8,58.91,53.47,57.64,31.48,28.37,34.48,30.89,41.74,40.35,53.44,57.01,74.59,67.39,80.69,79.43,76.07,74.49,72.95,76.14,78.24,73.03,67.33,72.45,75.07,84.65,90.03,97.83,106.12,119.35,125.72
AGO,Angola,Climate Watch,Total including LUCF,CO2,MtCO₂e,55.3,59.87,59.14,60.57,65.02,67.15,65.11,62.46,59.37,59.37,58.3,56.65,54.78,52.47,52.06,51.32,52.97,52.28,51.2,51.47,26.4,27.8,26.96,26.35,25.63,22.91,21.49,19.46,17.07,16.87,16.76
PRY,Paraguay,Climate Watch,Total including LUCF,CO2,MtCO₂e,53.54,54.07,54.33,53.89,53.16,74.54,73.8,73.47,73.35,73.39,61.35,60.87,60.63,60.02,60.26,60.0,60.28,60.24,60.08,59.92,45.56,46.3,46.3,46.14,45.76,45.81,45.37,44.85,44.51,44.05,44.1
BLR,Belarus,Climate Watch,Total including LUCF,CO2,MtCO₂e,53.21,56.08,57.83,54.88,53.99,58.77,63.33,63.8,63.63,62.2,56.65,52.38,55.51,52.82,54.34,52.07,51.39,48.3,47.59,47.65,40.96,42.88,44.67,46.35,45.67,44.65,51.46,63.03,74.57,83.17,86.79
GRC,Greece,Climate Watch,Total including LUCF,CO2,MtCO₂e,52.27,61.26,66.29,68.07,68.13,69.29,70.83,73.77,81.37,85.83,86.37,93.53,99.2,103.11,99.5,100.74,98.64,99.02,95.4,95.41,93.41,86.35,86.08,82.72,81.71,81.79,78.68,77.04,77.13,74.77,74.57
AUT,Austria,Climate Watch,Total including LUCF,CO2,MtCO₂e,52.22,57.57,56.2,58.94,56.77,56.38,55.18,58.88,58.23,61.4,63.99,58.45,64.76,65.27,68.13,70.27,69.82,68.49,63.39,61.93,50.24,49.75,51.37,50.92,51.6,47.88,44.99,44.5,44.37,49.12,44.98
FIN,Finland,Climate Watch,Total including LUCF,CO2,MtCO₂e,50.29,54.83,57.97,56.18,58.73,-5.46,-2.11,1.87,1.08,6.73,53.92,45.48,47.85,56.23,58.1,46.5,58.65,62.38,54.01,51.53,30.14,31.15,31.55,34.83,36.74,30.25,34.06,27.6,26.42,29.27,28.7
ETH,Ethiopia,Climate Watch,Total including LUCF,CO2,MtCO₂e,48.57,48.16,47.57,46.48,45.84,43.4,42.85,40.6,38.99,37.98,36.42,36.47,36.38,35.83,35.28,34.9,35.14,34.81,34.38,34.16,28.74,28.36,28.37,28.16,27.96,27.66,27.31,26.99,26.56,27.38,27.36
KHM,Cambodia,Climate Watch,Total including LUCF,CO2,MtCO₂e,47.66,47.1,42.56,41.67,40.07,73.36,71.87,70.66,70.6,70.29,8.71,8.32,7.63,7.23,6.54,6.23,5.95,5.95,5.78,5.73,6.13,6.08,6.05,5.81,5.7,5.64,5.59,5.55,5.52,5.47,5.43
BWA,Botswana,Climate Watch,Total including LUCF,CO2,MtCO₂e,46.91,48.34,49.17,48.44,47.73,48.04,48.08,46.52,44.52,44.99,44.48,45.29,45.5,45.42,45.19,45.39,45.08,44.99,45.1,44.94,45.1,44.91,44.71,44.09,43.94,44.22,44.11,44.28,44.33,43.76,43.83
HUN,Hungary,Climate Watch,Total including LUCF,CO2,MtCO₂e,46.57,49.06,51.03,51.29,46.09,44.66,41.9,42.04,44.7,48.18,50.08,50.03,55.21,56.05,57.66,58.12,58.55,60.44,57.88,58.58,56.16,59.43,58.88,58.52,59.99,58.97,59.3,59.9,59.52,66.07,68.94
SRB,Serbia,Climate Watch,Total including LUCF,CO2,MtCO₂e,46.24,45.94,46.11,47.26,46.55,42.57,36.14,43.63,42.95,48.39,11.51,11.28,14.24,15.87,17.42,15.09,21.91,17.61,14.2,10.62,41.08,37.86,54.37,54.34,49.75,42.4,36.7,40.27,45.94,49.29,58.99
ROU,Romania,Climate Watch,Total including LUCF,CO2,MtCO₂e,45.75,51.03,52.26,51.28,48.66,-211.85,-213.63,-213.07,-203.32,-201.11,74.87,77.96,92.67,93.99,96.52,91.94,92.6,95.4,91.0,92.49,89.65,85.62,100.16,114.24,124.85,121.52,115.8,118.34,126.83,143.4,173.28
SLB,Solomon Islands,Climate Watch,Total including LUCF,CO2,MtCO₂e,45.63,45.72,45.71,45.71,45.71,-17.52,-17.48,-17.44,-17.47,-17.47,2.04,2.03,2.02,2.01,2.0,1.99,1.98,1.96,1.95,1.94,4.15,4.14,4.13,4.13,4.12,4.11,4.1,4.09,4.08,4.07,4.07
LBY,Libya,Climate Watch,Total including LUCF,CO2,MtCO₂e,44.47,54.69,54.1,52.1,48.69,51.33,59.29,59.77,58.32,41.51,59.56,56.4,53.28,49.4,52.93,53.0,48.47,48.93,45.6,44.46,44.72,43.22,41.9,42.2,45.44,43.49,38.65,30.59,26.34,28.82,28.6
SGP,Singapore,Climate Watch,Total including LUCF,CO2,MtCO₂e,43.74,45.2,45.24,47.36,45.0,45.38,44.35,43.86,43.64,44.72,42.36,38.78,38.37,38.23,37.12,36.85,39.56,38.1,41.24,41.98,42.07,37.75,37.0,38.11,38.47,37.53,37.93,36.11,31.36,30.42,28.92
MNG,Mongolia,Climate Watch,Total including LUCF,CO2,MtCO₂e,43.64,45.59,44.04,42.08,40.74,40.05,40.88,41.13,39.87,38.44,37.92,37.24,36.55,36.61,35.98,34.59,33.08,32.78,33.06,32.42,32.59,32.19,32.1,32.04,32.17,33.73,33.76,35.29,36.3,38.2,36.41
CMR,Cameroon,Climate Watch,Total including LUCF,CO2,MtCO₂e,43.19,42.8,43.02,42.36,42.27,41.73,41.45,40.76,40.09,40.01,47.96,47.96,47.28,47.01,45.96,45.88,45.99,46.06,45.99,46.01,57.69,57.23,57.46,57.27,57.16,57.09,57.02,58.17,59.25,59.37,55.3
SDN,Sudan,Climate Watch,Total including LUCF,CO2,MtCO₂e,41.8,43.13,42.67,42.58,42.51,40.78,38.18,37.37,37.32,37.12,38.22,37.28,36.74,35.76,34.69,32.29,30.62,29.73,29.52,28.07,27.2,26.83,26.24,26.69,25.75,25.96,25.96,24.48,25.8,26.07,26.63
ZMB,Zambia,Climate Watch,Total including LUCF,CO2,MtCO₂e,41.22,41.22,41.37,40.32,38.83,38.49,38.22,37.79,37.59,36.61,20.79,20.61,20.33,20.12,20.33,20.46,20.29,20.27,20.11,20.0,19.96,19.83,20.2,20.31,19.8,20.19,20.2,20.58,20.91,20.94,20.8
IRL,Ireland,Climate Watch,Total including LUCF,CO2,MtCO₂e,40.71,42.79,44.53,44.8,46.09,44.73,43.2,43.35,44.68,44.16,48.13,48.38,53.74,54.46,55.13,54.53,52.57,52.01,51.88,52.78,50.16,47.63,46.11,43.66,42.57,41.23,40.63,39.46,39.31,39.28,38.77
PRT,Portugal,Climate Watch,Total including LUCF,CO2,MtCO₂e,39.22,44.81,49.71,53.53,48.95,49.0,45.08,45.7,47.37,49.02,51.48,56.84,57.39,59.34,60.99,66.02,62.67,61.07,66.15,61.93,63.06,63.61,57.01,52.34,50.15,52.1,48.72,47.21,48.19,44.18,42.48
PNG,Papua New Guinea,Climate Watch,Total including LUCF,CO2,MtCO₂e,38.72,40.34,39.79,39.07,39.16,38.17,37.64,37.11,36.84,37.14,29.91,29.94,29.83,30.29,30.08,30.3,30.79,30.15,29.84,29.37,29.23,27.91,26.88,26.13,25.84,25.76,23.83,23.99,23.95,23.95,23.94
CIV,Côte d'Ivoire,Climate Watch,Total including LUCF,CO2,MtCO₂e,36.89,36.84,36.19,36.56,35.59,35.79,35.18,34.67,34.01,32.09,32.32,31.99,32.43,31.61,31.65,31.83,31.43,31.26,32.79,32.45,66.52,66.83,64.99,64.94,63.98,63.27,62.84,62.7,62.52,62.54,62.45
CHE,Switzerland,Climate Watch,Total including LUCF,CO2,MtCO₂e,33.18,35.64,35.76,36.98,37.95,37.4,38.11,41.84,40.82,39.5,43.37,41.83,43.12,41.7,43.64,44.01,43.44,43.01,41.76,43.38,42.79,43.6,43.32,41.82,43.08,42.52,41.68,42.55,44.81,44.78,42.44
BHR,Bahrain,Climate Watch,Total including LUCF,CO2,MtCO₂e,32.47,32.96,30.84,30.51,30.3,30.49,30.28,28.85,27.17,26.01,25.96,24.71,24.76,23.0,22.48,20.69,17.93,17.94,17.22,16.38,15.87,15.45,15.49,14.41,14.15,13.53,13.37,13.06,12.27,10.34,10.74
AZE,Azerbaijan,Climate Watch,Total including LUCF,CO2,MtCO₂e,32.39,33.6,30.81,30.04,30.32,28.92,29.4,28.09,27.26,24.43,22.5,23.68,28.63,25.81,28.67,28.23,26.5,26.75,24.36,24.58,26.11,24.54,24.91,24.91,25.61,30.9,31.94,46.47,62.03,50.48,51.9
BFA,Burkina Faso,Climate Watch,Total including LUCF,CO2,MtCO₂e,29.56,29.75,29.25,28.73,28.1,9.67,8.87,8.82,8.56,8.07,18.55,18.38,18.36,18.13,17.85,17.6,17.58,17.55,17.48,17.48,13.31,13.19,13.14,13.09,12.99,12.9,12.89,12.88,12.87,12.86,12.85
DNK,Denmark,Climate Watch,Total including LUCF,CO2,MtCO₂e,29.41,31.76,35.2,35.26,37.41,32.97,35.08,39.23,37.48,42.36,49.33,49.13,51.33,54.61,59.33,51.4,54.93,60.44,55.04,55.45,54.15,58.28,61.28,65.19,74.95,61.61,64.74,60.87,58.54,64.27,53.55
SVK,Slovakia,Climate Watch,Total including LUCF,CO2,MtCO₂e,28.0,30.0,31.97,32.54,30.47,23.18,22.86,25.35,24.77,26.54,27.06,25.54,28.73,28.82,29.5,30.15,29.06,29.96,29.7,30.21,28.67,31.26,32.0,32.87,32.77,32.97,32.3,34.92,36.7,38.54,45.41
LAO,Laos,Climate Watch,Total including LUCF,CO2,MtCO₂e,27.85,27.84,28.33,27.72,24.37,17.54,13.01,12.83,11.94,11.71,15.05,14.71,14.22,13.91,13.82,13.43,13.39,13.33,13.28,13.17,11.41,11.38,11.36,11.33,11.28,11.18,11.14,11.11,11.1,11.05,11.02
CHL,Chile,Climate Watch,Total including LUCF,CO2,MtCO₂e,27.59,34.68,29.34,29.88,29.24,1.51,-4.19,2.26,-2.33,-4.27,34.27,29.97,32.51,29.1,21.67,20.49,19.49,14.72,13.64,12.95,33.68,37.68,35.26,34.53,28.14,22.21,19.07,15.71,13.59,12.49,13.78
TUN,Tunisia,Climate Watch,Total including LUCF,CO2,MtCO₂e,25.51,27.26,27.24,26.96,26.53,35.51,34.86,32.48,32.99,30.6,27.01,24.68,24.65,24.06,23.16,22.23,21.71,20.65,20.84,20.66,20.15,19.05,18.02,17.22,16.65,16.13,15.74,15.7,15.38,14.29,13.75
SYR,Syria,Climate Watch,Total including LUCF,CO2,MtCO₂e,25.24,26.84,28.31,25.8,24.48,24.58,25.93,30.02,44.36,56.89,60.42,60.02,64.6,62.93,59.54,56.55,45.69,43.71,43.6,44.06,43.73,43.2,43.96,41.4,41.35,38.31,36.77,35.21,34.48,35.09,31.72
TCD,Chad,Climate Watch,Total including LUCF,CO2,MtCO₂e,24.9,24.92,24.89,24.82,24.8,27.38,27.38,27.38,27.13,26.9,17.87,17.79,17.7,17.55,17.49,17.47,17.45,17.44,17.21,17.2,8.13,8.12,8.1,8.09,8.08,8.06,8.05,8.04,8.03,8.02,8.02
NIC,Nicaragua,Climate Watch,Total including LUCF,CO2,MtCO₂e,24.07,24.62,24.51,24.92,24.9,16.24,15.71,15.43,15.64,15.72,28.11,27.99,28.1,28.3,28.15,27.94,28.13,28.16,27.66,27.53,23.26,23.04,23.02,22.52,22.32,22.15,22.03,21.7,21.74,21.42,21.43
LKA,Sri Lanka,Climate Watch,Total including LUCF,CO2,MtCO₂e,23.63,25.21,23.49,24.94,24.97,19.74,17.96,14.96,17.96,15.94,15.41,14.63,15.15,15.94,14.77,16.35,15.24,14.78,13.75,13.21,15.41,13.98,13.09,12.82,12.84,10.3,10.25,9.57,9.73,8.47,8.32
SWE,Sweden,Climate Watch,Total including LUCF,CO2,MtCO₂e,22.25,23.61,24.27,26.04,26.42,21.26,21.12,22.42,24.02,26.42,41.14,35.66,38.75,39.68,41.29,42.57,45.88,47.33,46.08,44.53,58.88,62.69,63.69,62.67,68.93,63.5,63.74,61.75,62.0,59.49,58.6
NZL,New Zealand,Climate Watch,Total including LUCF,CO2,MtCO₂e,22.06,24.7,23.11,23.63,21.89,16.88,16.57,16.49,16.71,14.89,9.53,9.65,12.65,11.75,12.75,12.72,11.32,11.89,10.03,10.11,4.86,4.02,2.59,3.1,0.83,-0.25,-0.39,-0.66,-0.24,-1.99,-2.31
LBN,Lebanon,Climate Watch,Total including LUCF,CO2,MtCO₂e,21.4,26.84,27.32,29.09,27.68,26.94,25.08,23.17,23.39,21.1,20.87,21.91,18.65,15.05,16.24,17.29,17.89,17.42,16.84,16.9,15.69,17.05,16.27,16.14,14.14,13.32,11.29,10.34,7.03,7.05,5.64
NOR,Norway,Climate Watch,Total including LUCF,CO2,MtCO₂e,21.4,22.87,23.81,24.36,24.76,25.48,24.83,24.79,23.94,24.22,21.38,18.66,18.09,18.97,18.41,17.56,18.52,18.34,15.51,15.86,23.2,28.57,26.72,25.37,23.44,23.24,23.31,21.33,19.1,16.23,18.21
DOM,Dominican Republic,Climate Watch,Total including LUCF,CO2,MtCO₂e,21.32,24.22,23.81,21.99,23.04,22.42,20.28,20.11,20.51,19.74,18.74,17.72,18.64,18.69,18.43,16.75,15.34,16.79,18.95,17.05,11.4,10.53,9.35,7.23,5.46,4.58,3.87,2.25,2.35,0.96,0.59
CUB,Cuba,Climate Watch,Total including LUCF,CO2,MtCO₂e,21.28,21.37,23.63,23.19,24.13,16.5,13.97,16.16,15.98,14.88,17.86,16.73,16.49,17.42,16.53,16.06,15.11,15.37,16.17,17.21,17.53,17.17,16.29,16.62,14.38,12.35,10.89,9.33,10.95,16.59,24.8
JOR,Jordan,Climate Watch,Total including LUCF,CO2,MtCO₂e,20.97,23.15,24.71,26.02,24.73,25.31,25.55,23.8,24.12,20.76,20.2,20.67,20.01,21.09,20.17,19.87,18.58,17.31,16.87,16.25,16.27,14.63,14.62,14.37,13.87,13.6,12.99,12.2,11.93,9.78,9.93
GTM,Guatemala,Climate Watch,Total including LUCF,CO2,MtCO₂e,20.14,22.29,21.35,19.8,20.72,24.17,21.71,20.76,19.9,19.49,25.19,25.6,24.99,26.16,25.27,25.27,24.5,24.29,24.21,23.56,25.57,24.34,24.43,22.69,22.33,22.49,21.57,21.24,20.96,20.16,20.06
UGA,Uganda,Climate Watch,Total including LUCF,CO2,MtCO₂e,20.0,20.28,20.18,19.48,19.26,19.03,18.43,18.01,18.1,18.07,17.65,17.68,17.3,17.19,16.73,16.35,15.96,15.9,15.82,15.64,15.63,15.63,15.61,15.45,15.39,15.29,15.03,15.12,15.12,15.11,15.09
BIH,Bosnia and Herzegovina,Climate Watch,Total including LUCF,CO2,MtCO₂e,19.27,19.44,20.95,21.02,20.69,15.98,15.86,18.2,18.31,20.09,21.26,21.0,21.17,19.3,18.32,16.64,15.99,15.28,14.97,14.18,17.28,13.84,14.08,11.81,7.51,6.69,6.49,16.73,19.29,24.76,27.29
BEN,Benin,Climate Watch,Total including LUCF,CO2,MtCO₂e,18.69,18.19,18.31,17.59,17.45,16.22,15.9,15.39,15.16,15.36,15.54,15.13,14.73,14.71,14.18,13.61,13.36,13.15,12.89,12.45,16.42,16.33,16.21,16.23,15.97,15.3,15.27,15.28,15.28,15.27,15.32
SOM,Somalia,Climate Watch,Total including LUCF,CO2,MtCO₂e,18.01,18.01,18.01,18.01,18.01,18.0,18.0,18.0,17.98,17.98,17.98,17.97,17.97,17.98,17.93,17.93,17.93,17.93,17.92,17.86,17.84,17.85,17.87,17.9,17.93,17.95,17.99,18.0,18.04,18.06,18.09
NPL,Nepal,Climate Watch,Total including LUCF,CO2,MtCO₂e,17.32,16.23,17.54,15.66,13.15,9.65,9.59,8.55,8.45,7.66,-0.07,-0.83,-1.72,-2.02,-2.09,-1.51,-1.88,-1.67,-1.9,-1.22,1.38,1.27,0.24,0.1,-0.14,-0.2,-0.32,-0.66,-0.83,-0.88,-1.13
COG,Republic of Congo,Climate Watch,Total including LUCF,CO2,MtCO₂e,16.84,16.73,15.91,15.06,15.14,14.38,13.9,13.98,13.89,13.82,13.77,13.17,12.69,12.43,13.08,12.6,11.78,11.49,11.04,12.52,12.74,12.43,12.31,11.69,11.61,11.11,10.54,11.18,11.61,11.68,11.69
GIN,Guinea,Climate Watch,Total including LUCF,CO2,MtCO₂e,16.49,16.47,15.67,15.26,14.74,13.39,13.09,13.03,13.33,13.49,13.33,12.94,12.83,12.79,12.72,12.65,12.59,12.53,12.46,12.41,11.98,11.93,11.86,11.78,11.72,11.65,11.62,11.58,11.55,11.52,11.49
LTU,Lithuania,Climate Watch,Total including LUCF,CO2,MtCO₂e,16.04,16.07,16.0,15.58,15.57,9.99,9.79,10.31,10.91,10.82,17.67,16.77,18.16,18.31,18.11,17.92,17.02,16.38,16.38,16.33,16.2,17.93,20.43,19.66,19.98,19.52,20.58,21.52,25.77,40.06,37.98
GUY,Guyana,Climate Watch,Total including LUCF,CO2,MtCO₂e,15.62,15.65,15.46,15.35,15.36,17.59,17.58,17.5,17.53,17.37,9.63,9.51,9.48,9.49,9.22,9.37,9.57,9.15,9.16,9.17,8.48,8.55,8.43,8.4,8.2,7.94,7.49,7.17,6.52,6.59,6.62
TTO,Trinidad and Tobago,Climate Watch,Total including LUCF,CO2,MtCO₂e,15.55,17.32,17.89,18.35,18.42,21.42,22.13,22.3,21.61,22.36,21.58,19.17,20.15,20.62,20.19,17.72,16.23,15.58,12.81,11.76,10.29,9.98,10.01,9.77,9.28,8.7,8.87,10.8,13.23,13.13,13.23
SEN,Senegal,Climate Watch,Total including LUCF,CO2,MtCO₂e,15.01,16.63,14.51,14.13,14.46,13.76,13.04,12.48,11.93,12.04,13.4,13.04,12.81,12.57,11.94,12.04,11.76,10.86,10.95,10.82,8.95,8.85,8.48,8.1,7.81,7.65,7.49,7.39,7.45,7.22,7.21
LBR,Liberia,Climate Watch,Total including LUCF,CO2,MtCO₂e,14.59,14.55,14.53,14.68,14.81,14.66,14.62,14.32,14.35,14.26,14.14,13.94,13.95,14.05,14.1,14.08,13.97,13.88,13.85,13.85,13.82,13.78,13.87,13.83,13.81,13.8,13.79,13.79,13.78,13.75,13.83
NAM,Namibia,Climate Watch,Total including LUCF,CO2,MtCO₂e,14.51,14.88,14.84,14.78,14.71,14.7,14.49,14.32,14.07,13.86,13.66,13.56,13.49,13.11,13.05,13.09,12.94,12.83,12.69,13.02,12.5,12.54,12.58,12.53,12.48,12.33,12.2,11.97,11.78,11.68,N/A
HND,Honduras,Climate Watch,Total including LUCF,CO2,MtCO₂e,14.36,15.72,14.56,14.9,15.92,16.44,15.78,15.58,15.88,15.37,13.28,13.43,13.94,13.89,13.33,12.33,12.91,12.08,11.44,11.16,10.52,10.28,10.21,9.57,9.44,9.4,8.79,8.43,8.27,7.99,7.99
CAF,Central African Republic,Climate Watch,Total including LUCF,CO2,MtCO₂e,14.21,14.21,14.19,14.18,14.17,14.14,14.09,14.08,14.15,14.15,14.13,14.12,14.12,14.19,14.19,14.17,14.18,14.18,14.2,14.2,14.19,14.19,14.18,14.12,14.12,14.11,14.11,14.11,14.1,14.09,14.1
PAN,Panama,Climate Watch,Total including LUCF,CO2,MtCO₂e,13.81,17.33,14.15,14.37,14.88,14.84,14.99,14.48,14.69,14.22,13.42,12.93,11.53,11.72,11.72,11.35,9.84,9.76,9.64,10.45,11.11,10.84,11.55,10.46,10.23,10.18,9.86,9.62,9.46,8.95,8.52
SSD,South Sudan,Climate Watch,Total including LUCF,CO2,MtCO₂e,13.15,13.25,13.37,13.14,13.4,11.26,10.81,10.77,10.75,10.95,11.26,11.24,11.18,11.12,10.95,10.86,10.9,10.71,10.63,10.49,10.28,10.25,10.2,10.24,10.16,10.15,10.05,9.96,10.07,10.12,10.14
SVN,Slovenia,Climate Watch,Total including LUCF,CO2,MtCO₂e,12.84,14.03,14.43,14.48,14.26,10.52,10.49,11.93,12.5,13.08,4.27,4.0,5.84,4.77,4.78,4.4,4.18,3.9,4.01,3.87,5.19,5.56,6.11,6.34,5.9,5.08,4.22,4.17,3.44,3.35,4.14
KEN,Kenya,Climate Watch,Total including LUCF,CO2,MtCO₂e,11.87,11.91,11.68,12.53,11.74,26.43,25.04,22.73,21.32,22.31,28.59,27.59,25.58,25.04,24.93,23.88,22.83,22.01,22.83,23.05,4.33,3.42,3.12,2.5,2.9,2.27,1.81,1.69,1.79,1.72,1.97
SUR,Suriname,Climate Watch,Total including LUCF,CO2,MtCO₂e,11.82,11.87,11.36,11.66,12.17,10.83,10.72,10.39,10.55,10.06,5.56,5.26,5.27,5.23,5.35,5.51,5.22,4.89,4.77,5.17,4.8,5.47,5.39,5.38,5.34,5.27,5.21,5.2,5.13,5.12,4.83
MDG,Madagascar,Climate Watch,Total including LUCF,CO2,MtCO₂e,11.81,12.99,12.34,12.51,12.22,12.33,12.05,11.97,11.79,11.24,22.87,22.68,22.78,22.73,22.64,22.71,22.64,22.55,22.12,22.68,29.56,29.58,29.49,29.28,29.16,29.22,29.02,28.8,28.77,28.76,28.7
EST,Estonia,Climate Watch,Total including LUCF,CO2,MtCO₂e,11.73,14.68,20.35,21.37,20.5,10.91,14.13,15.39,13.52,15.02,19.86,15.33,18.74,21.01,17.3,18.0,17.93,17.78,15.88,16.27,15.93,16.35,16.92,18.19,17.8,16.8,18.88,18.53,23.21,32.11,34.79
GAB,Gabon,Climate Watch,Total including LUCF,CO2,MtCO₂e,11.62,11.53,11.39,11.6,12.64,12.37,12.22,12.04,11.85,12.03,8.76,8.21,8.27,7.94,8.44,9.06,9.09,9.42,8.93,9.19,9.56,9.5,9.82,9.0,9.24,8.64,8.05,8.09,7.96,7.99,7.53
HRV,Croatia,Climate Watch,Total including LUCF,CO2,MtCO₂e,11.28,12.18,12.09,13.06,12.53,15.1,14.74,15.51,15.9,17.53,18.62,19.47,20.89,22.04,20.76,20.61,20.26,20.77,19.44,18.36,17.18,17.66,17.67,16.21,14.4,14.6,14.01,14.68,14.17,13.89,19.48
GEO,Georgia,Climate Watch,Total including LUCF,CO2,MtCO₂e,10.26,10.55,9.73,9.91,9.81,9.4,8.65,8.02,7.19,6.52,1.81,2.11,1.32,2.11,1.18,0.73,-0.14,-0.36,-0.56,0.0,-13.49,-13.75,-13.28,-12.75,-11.9,-10.09,-7.82,-2.17,1.81,7.23,15.21
YEM,Yemen,Climate Watch,Total including LUCF,CO2,MtCO₂e,9.96,11.19,11.35,9.68,10.04,13.55,27.43,27.83,21.01,22.95,25.43,26.57,24.22,23.27,21.92,21.11,19.63,18.7,16.09,16.07,15.03,14.06,12.46,11.64,10.8,10.53,9.34,8.55,9.13,8.5,6.64
BRN,Brunei,Climate Watch,Total including LUCF,CO2,MtCO₂e,9.89,7.31,7.78,7.53,7.26,6.68,7.39,7.45,7.55,7.58,8.33,9.05,9.07,8.3,8.69,6.19,6.29,6.82,5.82,5.95,5.94,5.64,8.85,6.62,6.09,5.92,5.57,5.23,4.89,4.69,4.56
MWI,Malawi,Climate Watch,Total including LUCF,CO2,MtCO₂e,9.55,9.56,9.53,9.32,9.14,9.01,8.96,9.1,9.03,9.03,8.94,8.99,8.96,8.87,8.81,8.8,8.84,8.83,8.8,8.78,8.8,8.86,8.82,8.83,8.84,8.82,8.81,8.79,8.7,8.7,8.63
TJK,Tajikistan,Climate Watch,Total including LUCF,CO2,MtCO₂e,9.2,8.84,7.97,6.63,5.37,4.5,4.18,2.79,2.61,2.16,2.1,2.06,2.69,2.92,2.34,2.12,2.25,1.82,1.78,1.8,2.23,2.58,2.8,2.55,2.27,2.54,3.07,5.2,7.72,10.21,11.05
AFG,Afghanistan,Climate Watch,Total including LUCF,CO2,MtCO₂e,8.86,11.39,11.13,10.18,9.45,9.81,9.04,9.16,9.96,11.72,8.7,6.68,4.5,2.97,2.41,2.08,1.41,1.78,1.52,1.21,-1.31,-1.27,-1.07,-1.04,-0.98,-0.93,-0.9,-0.86,-0.86,-0.45,-0.34
MDA,Moldova,Climate Watch,Total including LUCF,CO2,MtCO₂e,8.8,9.11,8.72,8.23,8.31,7.63,7.33,6.8,7.75,7.96,7.35,6.69,7.21,7.2,7.03,7.23,6.83,6.83,6.25,6.09,6.48,7.12,8.42,9.35,10.17,11.91,13.91,17.19,20.09,24.37,30.3
GNQ,Equatorial Guinea,Climate Watch,Total including LUCF,CO2,MtCO₂e,8.18,8.71,8.9,9.2,9.66,9.33,9.78,9.82,9.7,9.92,9.88,9.9,9.65,10.16,9.42,9.44,9.35,6.63,6.37,6.72,5.81,7.14,5.88,5.52,5.06,4.95,4.88,4.81,4.73,3.9,3.9
LUX,Luxembourg,Climate Watch,Total including LUCF,CO2,MtCO₂e,7.58,9.23,9.05,8.73,8.57,8.9,9.41,9.94,10.46,10.67,10.51,9.93,10.51,10.6,11.2,11.4,11.15,9.73,9.3,8.6,8.01,7.28,6.93,7.6,8.1,8.02,10.17,11.01,10.8,11.12,10.65
SLV,El Salvador,Climate Watch,Total including LUCF,CO2,MtCO₂e,7.46,8.99,7.93,7.43,8.21,8.08,7.67,7.54,7.85,7.86,7.62,7.76,7.99,8.71,8.32,7.92,7.76,7.59,7.02,6.95,6.71,6.69,6.75,6.4,5.47,6.04,5.54,5.0,4.43,4.15,3.46
LVA,Latvia,Climate Watch,Total including LUCF,CO2,MtCO₂e,7.02,7.65,7.88,7.2,7.23,7.53,7.5,7.72,7.83,8.15,-2.4,-3.6,-2.87,-2.49,-2.86,-3.38,-3.49,-3.58,-3.84,-3.85,-3.1,-2.71,-2.29,-1.93,-1.49,-1.51,-0.45,1.09,3.31,6.59,8.17
MKD,Macedonia,Climate Watch,Total including LUCF,CO2,MtCO₂e,6.8,7.96,6.95,7.44,6.96,7.14,7.44,7.86,8.8,9.16,8.33,8.51,9.12,9.33,8.85,8.88,8.54,8.83,8.13,8.67,8.52,8.88,9.65,8.79,9.86,8.31,8.35,8.64,8.33,8.38,8.59
ARM,Armenia,Climate Watch,Total including LUCF,CO2,MtCO₂e,6.78,6.23,5.75,5.41,5.1,5.27,5.4,5.42,5.64,4.86,4.46,4.63,5.81,5.33,4.61,4.58,3.89,3.62,3.24,3.73,3.69,3.23,3.62,3.45,2.61,3.57,2.84,5.11,10.89,20.82,19.98
CYP,Cyprus,Climate Watch,Total including LUCF,CO2,MtCO₂e,6.52,6.94,6.95,7.11,6.97,6.53,6.49,6.11,6.78,7.32,7.63,8.01,8.23,8.04,7.74,7.64,7.52,7.57,6.9,6.73,7.06,6.8,6.54,6.24,6.14,5.78,5.91,5.67,5.41,5.04,4.52
JAM,Jamaica,Climate Watch,Total including LUCF,CO2,MtCO₂e,5.98,8.54,8.75,7.39,7.71,7.31,7.41,7.62,7.18,7.74,5.04,5.44,7.18,9.58,9.61,8.11,8.12,8.14,7.8,7.63,10.49,10.4,10.12,9.57,9.41,9.04,8.74,8.68,8.5,7.76,7.82
BLZ,Belize,Climate Watch,Total including LUCF,CO2,MtCO₂e,5.89,5.94,5.83,5.84,5.84,6.11,5.92,5.89,5.9,6.01,3.75,3.75,3.66,3.7,3.66,3.63,3.61,3.65,3.65,3.68,6.91,6.86,6.89,6.91,6.83,6.9,6.9,6.9,6.88,6.94,6.84
KGZ,Kyrgyzstan,Climate Watch,Total including LUCF,CO2,MtCO₂e,5.81,6.75,8.04,6.17,6.41,9.53,9.11,8.72,9.41,6.95,6.39,6.73,7.43,6.46,5.35,5.3,5.55,5.57,4.96,3.95,3.62,3.76,5.0,4.66,4.74,3.57,5.52,9.06,12.74,19.4,21.74
URY,Uruguay,Climate Watch,Total including LUCF,CO2,MtCO₂e,4.8,5.09,4.83,4.39,4.81,-0.19,-0.35,0.51,1.67,0.76,-3.64,-2.26,-2.17,-4.07,-3.59,-4.51,-4.46,-5.44,-5.39,-4.98,-7.73,-6.4,-7.41,-7.62,-7.73,-8.49,-8.92,-8.7,-8.42,-8.82,-9.34
SLE,Sierra Leone,Climate Watch,Total including LUCF,CO2,MtCO₂e,4.39,4.38,4.39,4.47,4.52,4.43,4.48,4.38,4.2,4.08,3.91,3.86,3.86,3.85,3.94,3.79,3.88,3.9,3.84,3.79,3.68,3.54,3.59,3.57,3.66,3.58,3.7,3.67,3.67,3.69,3.66
MLI,Mali,Climate Watch,Total including LUCF,CO2,MtCO₂e,4.15,3.94,3.87,3.63,3.41,3.34,3.17,2.81,2.51,2.35,2.15,1.94,2.02,1.84,1.58,1.5,1.45,1.28,1.24,1.2,1.09,1.0,0.96,0.74,0.67,0.61,0.57,0.52,0.48,0.44,0.44
ALB,Albania,Climate Watch,Total including LUCF,CO2,MtCO₂e,4.14,4.75,5.07,5.16,4.33,3.95,4.34,3.94,3.69,4.29,3.66,3.25,3.09,3.14,2.96,2.97,3.2,3.01,2.64,2.11,3.37,3.17,1.99,1.66,2.15,2.13,2.27,2.26,2.42,4.3,6.24
HTI,Haiti,Climate Watch,Total including LUCF,CO2,MtCO₂e,3.84,3.95,3.92,3.96,4.0,3.93,3.67,3.3,3.07,3.35,2.53,2.06,2.1,2.11,1.79,1.77,1.74,1.88,1.9,1.67,1.54,1.45,1.38,1.34,1.13,0.97,0.26,0.76,0.97,1.07,1.09
BDI,Burundi,Climate Watch,Total including LUCF,CO2,MtCO₂e,3.74,3.75,3.74,3.62,3.54,-1.45,-1.45,-1.45,-1.46,-1.46,3.45,3.32,3.32,3.32,3.32,3.28,3.27,3.29,3.34,3.33,5.47,5.44,5.4,5.36,5.33,5.31,5.19,5.19,5.18,5.21,5.17
MUS,Mauritius,Climate Watch,Total including LUCF,CO2,MtCO₂e,3.7,4.15,4.11,4.15,4.01,3.97,3.95,3.82,3.73,3.64,3.75,3.51,3.55,3.48,3.39,3.05,2.85,2.83,2.7,2.65,2.41,2.18,1.77,1.6,1.59,1.53,1.49,1.45,1.3,1.23,1.14
NER,Niger,Climate Watch,Total including LUCF,CO2,MtCO₂e,3.44,3.4,3.2,3.15,3.34,3.34,3.39,3.2,3.12,2.63,2.59,2.31,2.09,2.04,1.97,1.97,2.01,1.98,1.92,1.89,6.33,6.32,6.34,6.28,6.28,6.2,6.22,6.24,6.17,6.21,6.24
TGO,Togo,Climate Watch,Total including LUCF,CO2,MtCO₂e,3.23,3.25,3.0,2.83,3.12,2.77,2.53,2.69,3.18,3.46,3.58,3.77,2.51,2.45,2.51,2.69,2.72,2.78,2.29,2.12,3.93,4.37,3.86,3.43,4.02,3.64,3.57,3.3,3.41,3.59,3.64
MRT,Mauritania,Climate Watch,Total including LUCF,CO2,MtCO₂e,2.76,2.74,2.63,2.33,1.5,3.36,2.93,2.5,2.75,2.58,2.47,2.39,2.19,2.11,1.86,1.84,1.81,1.7,1.67,1.57,1.52,1.51,1.39,1.45,1.46,1.4,1.35,1.31,1.29,1.26,1.24
RWA,Rwanda,Climate Watch,Total including LUCF,CO2,MtCO₂e,2.64,2.72,2.67,2.53,2.43,2.45,2.29,2.27,2.18,2.11,2.97,2.94,2.92,2.92,2.98,2.98,2.92,2.95,3.06,2.95,3.15,2.99,2.98,2.98,2.96,2.95,2.94,2.96,2.96,2.96,3.01
MNE,Montenegro,Climate Watch,Total including LUCF,CO2,MtCO₂e,2.55,2.62,2.54,2.3,2.19,2.39,2.25,2.3,2.37,2.57,-1.54,-2.38,-1.43,-2.03,-1.94,-2.12,-2.08,-2.23,-2.36,-2.46,1.18,0.87,1.42,1.33,1.22,0.99,0.92,0.96,1.15,1.02,1.58
BHS,Bahamas,Climate Watch,Total including LUCF,CO2,MtCO₂e,2.46,2.62,2.8,2.17,2.04,2.21,2.52,2.81,2.39,2.18,1.98,2.01,1.98,1.93,1.91,1.96,2.09,2.12,2.07,2.03,2.12,2.13,2.08,1.7,1.89,1.92,1.85,1.83,1.95,2.09,2.01
LSO,Lesotho,Climate Watch,Total including LUCF,CO2,MtCO₂e,2.31,2.3,2.28,2.4,2.13,2.14,2.35,2.21,2.92,2.89,2.16,2.1,2.01,1.96,1.92,1.9,1.87,1.83,1.8,1.77,1.75,1.73,1.71,1.67,1.64,1.61,1.58,1.54,1.5,1.45,1.4
ISL,Iceland,Climate Watch,Total including LUCF,CO2,MtCO₂e,2.06,2.25,2.31,2.28,2.25,2.67,2.66,2.64,2.47,2.5,2.63,2.78,2.85,3.05,2.98,2.93,2.98,2.89,2.91,2.83,2.94,2.83,2.86,2.86,2.98,2.71,2.8,2.69,2.66,2.62,2.66
GNB,Guinea-Bissau,Climate Watch,Total including LUCF,CO2,MtCO₂e,1.81,1.81,1.8,1.79,1.79,1.77,1.75,1.73,1.73,1.73,1.73,1.72,1.71,1.72,1.7,1.7,1.69,1.68,1.64,1.64,1.63,1.68,1.66,1.68,1.66,1.67,1.67,1.67,1.67,1.66,1.66
MLT,Malta,Climate Watch,Total including LUCF,CO2,MtCO₂e,1.61,1.65,1.55,1.52,1.35,1.66,2.36,2.37,2.72,2.57,2.59,2.51,2.72,2.72,2.65,2.63,2.6,2.61,2.32,2.49,2.13,2.41,2.37,2.47,2.32,2.38,2.51,2.81,2.17,2.21,2.31
MDV,Maldives,Climate Watch,Total including LUCF,CO2,MtCO₂e,1.45,2.0,1.78,1.55,1.47,1.34,1.36,1.13,1.14,1.01,0.96,0.92,0.87,0.81,0.79,0.63,0.69,0.53,0.61,0.48,0.46,0.43,0.31,0.34,0.28,0.26,0.2,0.2,0.23,0.16,0.16
ERI,Eritrea,Climate Watch,Total including LUCF,CO2,MtCO₂e,1.16,1.15,1.13,1.03,1.03,0.96,0.98,0.97,1.01,0.98,0.96,0.93,0.91,0.98,0.99,1.05,1.16,1.15,1.14,1.15,1.07,1.08,1.05,1.26,1.31,1.23,1.17,1.07,0.87,0.44,0.44
GMB,Gambia,Climate Watch,Total including LUCF,CO2,MtCO₂e,1.14,1.13,1.13,1.13,1.12,1.11,1.03,0.96,0.98,0.97,0.96,1.01,0.96,0.94,0.88,0.86,0.84,0.82,0.82,0.84,0.77,0.79,0.77,0.76,0.75,0.74,0.73,0.73,0.73,0.73,0.72
BRB,Barbados,Climate Watch,Total including LUCF,CO2,MtCO₂e,1.09,1.17,1.27,1.18,1.29,1.27,1.28,1.44,1.47,1.52,1.48,1.6,1.62,1.37,1.35,1.32,1.28,1.25,1.2,1.22,1.19,1.21,1.14,1.07,0.98,0.95,0.93,0.88,0.93,1.0,1.0
SWZ,Eswatini,Climate Watch,Total including LUCF,CO2,MtCO₂e,1.02,1.04,0.98,0.98,0.99,0.88,0.84,0.82,0.67,0.68,0.72,0.91,0.88,0.9,0.86,0.85,0.86,0.87,0.95,0.98,0.96,1.13,1.04,1.02,1.0,1.28,1.32,0.69,0.78,0.96,0.97
TLS,Timor-Leste,Climate Watch,Total including LUCF,CO2,MtCO₂e,0.91,1.08,0.97,1.03,0.98,0.9,0.91,0.83,0.76,0.72,0.71,0.7,0.67,0.65,0.65,0.64,0.65,0.63,0.63,0.46,0.46,0.46,0.46,0.46,0.46,0.46,0.46,0.46,0.46,0.46,0.46
SYC,Seychelles,Climate Watch,Total including LUCF,CO2,MtCO₂e,0.6,0.6,0.6,0.57,0.57,0.5,0.46,0.41,0.42,0.41,0.44,0.45,0.42,0.4,0.39,0.38,0.38,0.34,0.35,0.32,0.29,0.31,0.29,0.28,0.24,0.2,0.21,0.19,0.18,0.18,0.15
CPV,Cape Verde,Climate Watch,Total including LUCF,CO2,MtCO₂e,0.56,0.55,0.53,0.52,0.48,0.44,0.43,0.44,0.46,0.5,0.48,0.45,0.41,0.4,0.46,0.39,0.35,0.36,0.33,0.3,-0.2,-0.21,-0.26,-0.28,-0.29,-0.31,-0.33,-0.34,-0.33,-0.34,-0.33
ATG,Antigua and Barbuda,Climate Watch,Total including LUCF,CO2,MtCO₂e,0.47,0.51,0.51,0.5,0.5,0.49,0.48,0.47,0.47,0.46,0.47,0.45,0.43,0.42,0.4,0.38,0.37,0.36,0.34,0.32,0.31,0.3,0.29,0.27,0.25,0.24,0.23,0.22,0.22,0.22,0.22
AND,Andorra,Climate Watch,Total including LUCF,CO2,MtCO₂e,0.45,0.48,0.49,0.47,0.47,0.47,0.46,0.48,0.49,0.49,0.52,0.52,0.54,0.54,0.55,0.58,0.56,0.53,0.53,0.52,0.52,0.51,0.49,0.47,0.45,0.43,0.41,0.41,0.41,0.41,0.41
DJI,Djibouti,Climate Watch,Total including LUCF,CO2,MtCO₂e,0.43,0.43,0.41,0.4,0.4,0.45,0.4,0.56,0.49,0.47,0.52,0.47,0.47,0.47,0.43,0.43,0.4,0.41,0.4,0.38,0.37,0.39,0.39,0.33,0.3,0.32,0.3,0.31,0.3,0.29,0.27
COM,Comoros,Climate Watch,Total including LUCF,CO2,MtCO₂e,0.39,0.39,0.36,0.34,0.28,0.25,0.23,0.25,0.22,0.21,0.23,0.2,0.17,0.17,0.23,0.21,0.21,0.2,0.17,0.17,0.16,0.16,0.15,0.14,0.14,0.14,0.13,0.13,0.13,0.13,0.13
STP,Sao Tome and Principe,Climate Watch,Total including LUCF,CO2,MtCO₂e,0.36,0.36,0.35,0.35,0.34,0.34,0.33,0.34,0.33,0.32,0.11,0.1,0.1,0.09,0.09,0.09,0.08,0.07,0.07,0.06,0.06,0.06,0.06,0.06,0.06,0.06,0.06,0.05,0.05,0.06,0.06
LCA,Saint Lucia,Climate Watch,Total including LUCF,CO2,MtCO₂e,0.35,0.39,0.38,0.38,0.36,0.35,0.36,0.36,0.36,0.36,0.39,0.32,0.32,0.32,0.31,0.29,0.3,0.28,0.25,0.27,0.23,0.22,0.21,0.18,0.18,0.15,0.14,0.11,0.09,0.06,0.05
GRD,Grenada,Climate Watch,Total including LUCF,CO2,MtCO₂e,0.32,0.35,0.32,0.29,0.28,0.27,0.25,0.32,0.28,0.26,0.27,0.26,0.26,0.25,0.24,0.23,0.22,0.22,0.21,0.21,0.2,0.21,0.2,0.18,0.17,0.15,0.14,0.13,0.13,0.12,0.11
WSM,Samoa,Climate Watch,Total including LUCF,CO2,MtCO₂e,0.31,0.39,0.36,0.36,0.35,0.34,0.32,0.31,0.31,0.3,0.3,0.28,0.28,0.29,0.28,0.29,0.28,0.28,0.28,0.27,0.26,0.25,0.25,0.24,0.24,0.22,0.21,0.22,0.21,0.21,0.2
BGR,Bulgaria,Climate Watch,Total including LUCF,CO2,MtCO₂e,0.26,5.28,7.02,10.01,7.71,32.36,29.86,27.47,32.84,37.45,21.11,19.27,26.41,28.97,25.33,24.36,23.64,24.31,19.98,22.57,21.58,22.48,28.64,31.16,33.47,33.05,31.89,34.09,33.53,36.99,51.77
KNA,Saint Kitts and Nevis,Climate Watch,Total including LUCF,CO2,MtCO₂e,0.23,0.25,0.25,0.24,0.24,0.24,0.23,0.23,0.23,0.24,0.23,0.23,0.22,0.22,0.21,0.2,0.22,0.2,0.2,0.19,0.18,0.17,0.16,0.15,0.14,0.13,0.13,0.12,0.12,0.12,0.11
VCT,Saint Vincent and the Grenadines,Climate Watch,Total including LUCF,CO2,MtCO₂e,0.22,0.24,0.25,0.23,0.26,0.25,0.27,0.23,0.24,0.22,0.23,0.29,0.23,0.25,0.23,0.23,0.23,0.21,0.2,0.19,0.11,0.13,0.12,0.1,0.09,0.09,0.08,0.06,0.04,0.04,0.04
PLW,Palau,Climate Watch,Total including LUCF,CO2,MtCO₂e,0.16,0.22,0.21,0.21,0.21,0.2,0.22,0.22,0.22,0.21,0.21,0.2,0.21,0.22,0.23,0.23,0.22,0.22,0.22,0.22,0.21,0.2,0.2,0.2,0.2,0.2,0.2,0.2,0.2,0.0,0.0
DMA,Dominica,Climate Watch,Total including LUCF,CO2,MtCO₂e,0.15,0.16,0.15,0.15,0.17,0.17,0.17,0.16,0.16,0.15,0.16,0.15,0.16,0.15,0.14,0.14,0.13,0.11,0.1,0.13,0.18,0.16,0.15,0.15,0.12,0.14,0.12,0.12,0.12,0.12,0.12
LIE,Liechtenstein,Climate Watch,Total including LUCF,CO2,MtCO₂e,0.14,0.15,0.14,0.16,0.15,0.16,0.16,0.19,0.19,0.18,0.22,0.23,0.25,0.23,0.26,0.26,0.26,0.26,0.25,0.24,0.24,0.25,0.25,0.24,0.23,0.23,0.22,0.24,0.23,0.23,0.22
TON,Tonga,Climate Watch,Total including LUCF,CO2,MtCO₂e,0.12,0.16,0.13,0.13,0.12,0.11,0.11,0.11,0.11,0.11,0.12,0.14,0.13,0.12,0.13,0.12,0.12,0.12,0.1,0.09,0.1,0.11,0.09,0.09,0.08,0.1,0.09,0.09,0.08,0.09,0.08
VUT,Vanuatu,Climate Watch,Total including LUCF,CO2,MtCO₂e,0.12,0.17,0.18,0.14,0.15,0.13,0.16,0.11,0.12,0.13,0.13,0.13,0.1,0.11,0.06,0.06,0.06,0.09,0.08,0.09,0.09,0.09,0.08,0.09,0.09,0.07,0.06,0.06,0.06,0.07,0.07
MHL,Marshall Islands,Climate Watch,Total including LUCF,CO2,MtCO₂e,0.11,0.15,0.15,0.15,0.15,0.15,0.14,0.14,0.14,0.14,0.14,0.14,0.13,0.13,0.13,0.12,0.12,0.11,0.12,0.11,0.1,0.1,0.1,0.09,0.09,0.09,0.09,0.09,0.08,0.0,0.0
FSM,Micronesia,Climate Watch,Total including LUCF,CO2,MtCO₂e,0.07,0.11,0.11,0.11,0.11,0.12,0.11,0.11,0.1,0.09,0.08,0.12,0.09,0.11,0.09,0.09,0.12,0.14,0.13,0.14,0.16,0.17,0.18,0.17,0.16,0.16,0.13,0.12,0.11,-0.03,0.0
COK,Cook Islands,Climate Watch,Total including LUCF,CO2,MtCO₂e,0.06,0.08,0.08,0.08,0.07,0.07,0.08,0.08,0.08,0.08,0.07,0.06,0.07,0.06,0.06,0.06,0.05,0.05,0.04,0.05,0.03,0.03,0.03,0.03,0.03,0.03,0.03,0.03,0.02,0.02,0.02
KIR,Kiribati,Climate Watch,Total including LUCF,CO2,MtCO₂e,0.06,0.07,0.07,0.07,0.06,0.06,0.06,0.06,0.06,0.05,0.05,0.06,0.06,0.06,0.07,0.06,0.05,0.05,0.04,0.03,0.04,0.03,0.03,0.03,0.03,0.03,0.03,0.03,0.03,0.02,0.02
NRU,Nauru,Climate Watch,Total including LUCF,CO2,MtCO₂e,0.04,0.05,0.05,0.06,0.05,0.05,0.05,0.05,0.04,0.04,0.04,0.04,0.04,0.04,0.04,0.06,0.06,0.07,0.08,0.08,0.09,0.09,0.1,0.1,0.1,0.11,0.11,0.11,0.12,0.13,0.13
TUV,Tuvalu,Climate Watch,Total including LUCF,CO2,MtCO₂e,0.01,0.01,0.01,0.01,0.01,0.01,0.01,0.01,0.01,0.01,0.01,0.01,0.01,0.01,0.01,0.01,0.01,0.01,0.01,0.01,0.01,0.01,0.01,0.01,0.01,0.01,0.01,0.01,0.01,0.01,0.01
NIU,Niue,Climate Watch,Total including LUCF,CO2,MtCO₂e,0.0,0.0,0.0,0.0,0.0,0.0,0.0,0.0,0.0,0.0,0.01,0.01,0.01,0.01,0.01,0.01,0.01,0.01,0.01,0.01,0.01,0.01,0.01,0.01,0.01,0.01,0.01,0.01,0.01,0.01,0.01
BTN,Bhutan,Climate Watch,Total including LUCF,CO2,MtCO₂e,-0.28,0.11,0.14,-0.01,-0.09,-0.27,-0.3,-0.41,-0.48,-0.57,-6.12,-6.21,-6.19,-6.21,-6.21,-6.21,-6.3,-6.23,-6.2,-6.23,-6.22,-6.23,-6.23,-6.23,-6.31,-6.36,-6.4,-6.43,-6.4,-6.43,-6.42
CRI,Costa Rica,Climate Watch,Total including LUCF,CO2,MtCO₂e,-0.41,0.58,0.82,0.83,0.67,0.2,0.49,0.45,0.12,0.1,6.58,6.68,6.99,7.08,6.03,5.75,5.42,5.28,5.0,4.91,7.35,7.44,7.42,6.9,6.93,7.21,7.25,6.58,6.55,5.46,5.27
FJI,Fiji,Climate Watch,Total including LUCF,CO2,MtCO₂e,-1.54,-1.18,-1.18,-1.24,-1.37,-1.31,-1.36,-1.51,-1.58,-1.52,-1.45,-1.81,-1.71,-1.44,-1.37,-1.5,-1.25,-1.54,-1.7,-1.53,-1.73,-1.78,-1.8,-1.78,-1.76,-1.82,-1.82,-1.82,-1.81,-1.85,-1.85
GHA,Ghana,Climate Watch,Total including LUCF,CO2,MtCO₂e,-5.55,-6.91,-8.17,-9.82,-10.41,43.7,42.75,43.28,42.26,40.19,56.21,55.15,53.8,54.25,53.63,52.16,51.76,52.22,52.5,51.28,14.81,15.68,15.3,13.46,13.34,13.04,12.77,12.55,12.51,12.11,12.37
